{"access_token": "ya29.GlwrBvR5Vt0Dik0FfYhDtbxlehHlObCjz--tRinu74FM-M0q8EqVDBUp4bwqD8zmSnmJmTcGYlmdqaGUd0BSuNdSaWGbNrulXQAd4eZ7yRiKikEP5-y-_Zv8dTzwpw", "client_id": "1057673539100-9ihlr9o0afv13focvsa1gvu0ve56luek.apps.googleusercontent.com", "client_secret": "z77z0dJ0A0HfIHr1CJR1SpeK", "refresh_token": "1/MvyvZI9EPVoWUEy4GzZk8AkgDG4BKAb-li7b2vCM46U", "token_expiry": "2018-10-03T03:23:01Z", "token_uri": "https://www.googleapis.com/oauth2/v3/token", "user_agent": null, "revoke_uri": "https://oauth2.googleapis.com/revoke", "id_token": null, "id_token_jwt": null, "token_response": {"access_token": "ya29.GlwrBvR5Vt0Dik0FfYhDtbxlehHlObCjz--tRinu74FM-M0q8EqVDBUp4bwqD8zmSnmJmTcGYlmdqaGUd0BSuNdSaWGbNrulXQAd4eZ7yRiKikEP5-y-_Zv8dTzwpw", "expires_in": 3600, "scope": "https://www.googleapis.com/auth/calendar", "token_type": "Bearer"}, "scopes": ["https://www.googleapis.com/auth/calendar"], "token_info_uri": "https://oauth2.googleapis.com/tokeninfo", "invalid": false, "_class": "OAuth2Credentials", "_module": "oauth2client.client"}